DATE_TIME,AMBIENT_TEMPERATURE,MODULE_TEMPERATURE,IRRADIATION
2020-08-01 00:00:00,12.381626786940917,11.43197936475945,0.0
2020-08-01 00:15:00,12.480053484401845,10.697728440807966,0.0
2020-08-01 00:30:00,11.637949282767972,11.643838500456955,0.0
2020-08-01 00:45:00,11.826915103896269,12.546885615252885,0.0
2020-08-01 01:00:00,11.715168959240804,11.444900455607243,0.0
2020-08-01 01:15:00,10.566679592475403,10.211522908325895,0.0
2020-08-01 01:30:00,11.293028563515016,12.191168591974938,0.0
2020-08-01 01:45:00,11.668563803346792,13.02574735640464,0.0
2020-08-01 02:00:00,11.272245593511844,10.574236143096751,0.0
2020-08-01 02:15:00,12.442532776269811,12.87007673952688,0.0
2020-08-01 02:30:00,11.14897664611995,11.294984754855179,0.0
2020-08-01 02:45:00,11.234706925767167,10.416632476957842,0.0
2020-08-01 03:00:00,12.364049395371627,13.104492169399103,0.0
2020-08-01 03:15:00,12.469727048012594,12.387879584650674,0.0
2020-08-01 03:30:00,12.392463945262019,12.642108958662009,0.0
2020-08-01 03:45:00,12.63091638960412,12.147270741391672,0.0
2020-08-01 04:00:00,13.05351637128626,12.340956963983508,0.0
2020-08-01 04:15:00,13.693992052987431,13.649513174886028,0.0
2020-08-01 04:30:00,13.812784635275007,15.340772493004216,0.0
2020-08-01 04:45:00,12.994474010421044,13.030470387334477,0.0
2020-08-01 05:00:00,13.46282631969832,13.107890920458154,0.0
2020-08-01 05:15:00,14.298471597929419,14.102549219559009,0.0
2020-08-01 05:30:00,14.348192643113416,14.758306395280533,0.0
2020-08-01 05:45:00,14.63162739844999,16.288695541070513,0.0
2020-08-01 06:00:00,15.636896897588134,16.6495779124489,0.0
2020-08-01 06:15:00,15.74239385410469,18.955215788487443,0.09851642305322963
2020-08-01 06:30:00,15.291180010703334,19.054016528428587,0.09982799733745759
2020-08-01 06:45:00,17.00907474079163,20.570454848105086,0.12687295075292654
2020-08-01 07:00:00,17.383858428483347,21.030167585559393,0.22366895762539546
2020-08-01 07:15:00,17.505017779481946,24.41875301504858,0.30582277415196313
2020-08-01 07:30:00,17.47039740812603,25.12282373767825,0.3376533095068522
2020-08-01 07:45:00,19.25956213586117,28.75906411581932,0.3736581365868919
2020-08-01 08:00:00,19.350452851665093,28.869508847264427,0.4627906791073234
2020-08-01 08:15:00,20.15822276236419,29.207335241705028,0.5239581692779426
2020-08-01 08:30:00,21.22317284984984,32.4488816440149,0.5309833548010886
2020-08-01 08:45:00,20.47306248927023,32.46405128772071,0.6048729092180773
2020-08-01 09:00:00,21.410264061189004,34.43598184225508,0.6443323272856756
2020-08-01 09:15:00,22.299833709372543,35.8545951750508,0.6729745956701675
2020-08-01 09:30:00,22.102713911370046,35.674020750619476,0.6951211990063069
2020-08-01 09:45:00,23.53858601965804,38.090145951865196,0.7455860698935631
2020-08-01 10:00:00,23.86499895036792,38.625557990458894,0.7542505142620277
2020-08-01 10:15:00,23.910638739736495,38.82055926607145,0.7955191529022178
2020-08-01 10:30:00,24.620842153574316,42.065981450259486,0.8659786707791316
2020-08-01 10:45:00,24.380402311377814,43.25568444094207,0.8572328935042283
2020-08-01 11:00:00,25.236893662845148,43.76180066725623,0.8860694640524014
2020-08-01 11:15:00,25.163744357537546,43.18613730710933,0.8535454473386977
2020-08-01 11:30:00,25.535263401990186,43.00874844594758,0.861185117251483
2020-08-01 11:45:00,25.55309151556166,42.83495125940156,0.9165791576808576
2020-08-01 12:00:00,25.638054454926046,43.422094375523834,0.9076238991249448
2020-08-01 12:15:00,27.003949843656837,43.892204726616136,0.8884519584230053
2020-08-01 12:30:00,26.5760699132942,46.66564532562305,0.9084275274107722
2020-08-01 12:45:00,26.95132317639992,43.58374345073062,0.8790863032527136
2020-08-01 13:00:00,26.99590060638799,45.89468209587963,0.8570634634855894
2020-08-01 13:15:00,27.69982987613641,46.91778600799479,0.8717508198125565
2020-08-01 13:30:00,26.912453539688954,44.02661291439923,0.8108554674918605
2020-08-01 13:45:00,26.794019915483936,41.994833803589074,0.7753822564321935
2020-08-01 14:00:00,27.04376437050654,42.72437263214169,0.7711632327260313
2020-08-01 14:15:00,26.898576690442408,42.00022401207183,0.7458866903620558
2020-08-01 14:30:00,26.24056993303922,39.48495152576909,0.696678804433576
2020-08-01 14:45:00,27.55310668170746,41.84677591481361,0.6506219258501098
2020-08-01 15:00:00,26.463740662405897,39.15249090265984,0.6127933691498448
2020-08-01 15:15:00,27.424952454454708,39.8874367387022,0.5711246673222203
2020-08-01 15:30:00,26.943704434483738,38.68424480204263,0.5529406590459918
2020-08-01 15:45:00,27.168464838034247,37.1692887526887,0.49359711164126857
2020-08-01 16:00:00,26.059429658796763,33.297317365058134,0.4331119214716225
2020-08-01 16:15:00,26.507912794901962,34.18243608236486,0.38342391032886863
2020-08-01 16:30:00,25.120344099172982,31.440886335466423,0.349793450222375
2020-08-01 16:45:00,25.197603801359115,32.010446582669466,0.2804096509149754
2020-08-01 17:00:00,24.70527037532292,27.545366803360675,0.2171570568906571
2020-08-01 17:15:00,24.10847631788834,29.107252426782505,0.15059827916688381
2020-08-01 17:30:00,23.809938922246953,26.530810191232653,0.13987378083759588
2020-08-01 17:45:00,24.01328447550723,23.883649768312658,0.05565378499177999
2020-08-01 18:00:00,23.37670919934218,21.952372224450347,0.002321684104698734
2020-08-01 18:15:00,21.19384453403249,20.96827536598314,0.0
2020-08-01 18:30:00,22.157635410327767,22.53342454541176,0.0
2020-08-01 18:45:00,21.99717673812048,21.778527212106447,0.0
2020-08-01 19:00:00,21.831683106424485,23.719050286017193,0.0
2020-08-01 19:15:00,21.524682487940158,21.841931650590976,0.0
2020-08-01 19:30:00,20.95103411463184,19.65542976706411,0.0
2020-08-01 19:45:00,19.771195030405362,19.638267434472798,0.0
2020-08-01 20:00:00,19.383872925028992,18.816335166436136,0.0
2020-08-01 20:15:00,17.756678127963358,16.739496342429817,0.0
2020-08-01 20:30:00,18.03662389724528,18.849716720359915,0.0
2020-08-01 20:45:00,17.723598357311214,18.263270910766597,0.0
2020-08-01 21:00:00,17.002896627147752,17.450686624882668,0.0
2020-08-01 21:15:00,17.208651177129997,17.757143133536776,0.0
2020-08-01 21:30:00,16.68587359057499,17.648328460083135,0.0
2020-08-01 21:45:00,16.596193215598355,17.610497241806037,0.0
2020-08-01 22:00:00,15.508619779548798,15.517468708496738,0.0
2020-08-01 22:15:00,14.940586549142113,14.771748297544939,0.0
2020-08-01 22:30:00,14.268369137535952,13.4555940077089,0.0
2020-08-01 22:45:00,14.12980753837781,15.110432816781039,0.0
2020-08-01 23:00:00,14.044304568453475,13.53464376730534,0.0
2020-08-01 23:15:00,12.906333324616206,12.638322891737777,0.0
2020-08-01 23:30:00,12.902520324780683,12.355700441057358,0.0
2020-08-01 23:45:00,12.238242295910245,10.659201847988708,0.0
2020-08-02 00:00:00,12.237601380344758,12.545576027611833,0.0
2020-08-02 00:15:00,12.22384792112864,11.125309674895988,0.0
2020-08-02 00:30:00,12.005385791365848,11.713090895530703,0.0
2020-08-02 00:45:00,11.597181763833376,11.393666501358044,0.0
2020-08-02 01:00:00,12.04458428613994,11.242586138645034,0.0
2020-08-02 01:15:00,11.36665055816133,9.98168090002566,0.0
2020-08-02 01:30:00,9.884430565752002,10.226564054365825,0.0
2020-08-02 01:45:00,11.693194592690572,10.79245426374456,0.0
2020-08-02 02:00:00,11.454793312271574,11.768991033170346,0.0
2020-08-02 02:15:00,11.774928206073165,12.783056349857969,0.0
2020-08-02 02:30:00,11.43376586723827,10.647371349142782,0.0
2020-08-02 02:45:00,11.806957673041584,11.961576681328342,0.0
2020-08-02 03:00:00,11.823045707550994,11.274633460938958,0.0
2020-08-02 03:15:00,11.127617337478627,12.088109970756992,0.0
2020-08-02 03:30:00,11.222263094412991,11.65890133206725,0.0
2020-08-02 03:45:00,12.031144690069155,11.366513933830815,0.0
2020-08-02 04:00:00,12.543839195585969,11.202204569029096,0.0
2020-08-02 04:15:00,13.00967167112578,13.925538710686899,0.0
2020-08-02 04:30:00,12.166379913270681,11.193088958292376,0.0
2020-08-02 04:45:00,12.549721116840187,12.128143837993806,0.0
2020-08-02 05:00:00,13.546062478814767,12.807501196314542,0.0
2020-08-02 05:15:00,13.804846918316333,13.84394088782889,0.0
2020-08-02 05:30:00,14.323369209021529,16.378893705537774,0.0
2020-08-02 05:45:00,14.507365763535786,13.982327107735724,0.0
2020-08-02 06:00:00,14.869761425673358,14.158050311195952,0.0
2020-08-02 06:15:00,15.827683571817397,15.9469810094381,0.05075235682034176
2020-08-02 06:30:00,15.933615618507057,18.484927881991077,0.12939363677193821
2020-08-02 06:45:00,17.14446553618964,22.794851392336504,0.1930380101199245
2020-08-02 07:00:00,17.17797908917888,20.571490953839437,0.22017406415137514
2020-08-02 07:15:00,17.730129443743255,24.20508536192094,0.30390165475060166
2020-08-02 07:30:00,17.94167435181501,25.744931773051402,0.33794136404733516
2020-08-02 07:45:00,18.66305844321242,26.40642703226149,0.3877338303299145
2020-08-02 08:00:00,19.039675397868578,26.745471406114973,0.43309590072227083
2020-08-02 08:15:00,20.01701718676699,29.178448280300167,0.5099191455001975
2020-08-02 08:30:00,20.374829608904722,31.030548158592026,0.5377835973524248
2020-08-02 08:45:00,21.509807171674606,33.14566063103022,0.5916854524002712
2020-08-02 09:00:00,21.606649570002308,31.481886118641473,0.6388363741815751
2020-08-02 09:15:00,21.189164408922398,35.2229812278875,0.6879290018257505
2020-08-02 09:30:00,23.789869593267063,38.220442387033394,0.6942939721132722
2020-08-02 09:45:00,22.865490038980084,37.115584944506566,0.7392876282705327
2020-08-02 10:00:00,22.773273966942337,37.339559381990604,0.7874758744322419
2020-08-02 10:15:00,23.120514760377247,39.770386947165406,0.8024606196004833
2020-08-02 10:30:00,24.658072493148655,43.88638440277893,0.8338770934007598
2020-08-02 10:45:00,24.685000591996687,41.13898406995566,0.827577155343354
2020-08-02 11:00:00,25.137808900834557,40.75404014211927,0.8792146307586168
2020-08-02 11:15:00,24.977959727721913,43.91866705319344,0.9036359412307234
2020-08-02 11:30:00,25.124035657409067,42.11021662015157,0.8505830414050818
2020-08-02 11:45:00,25.455779268213185,43.82093996657099,0.8948445349319724
2020-08-02 12:00:00,26.603167129943092,46.246526789180734,0.9314519919906274
2020-08-02 12:15:00,26.285395489301038,43.80306672184401,0.8930590040764181
2020-08-02 12:30:00,26.30218424804414,45.091217903856865,0.8791189538282845
2020-08-02 12:45:00,27.07317619001189,44.93584993414127,0.8511961077769867
2020-08-02 13:00:00,27.23496336601303,46.35031582073257,0.8834796378522441
2020-08-02 13:15:00,26.53796640586228,42.61504164504656,0.8518761640565736
2020-08-02 13:30:00,26.68001285001177,43.190855358775956,0.8070792474910159
2020-08-02 13:45:00,26.673113354425208,43.84993124091073,0.7891292104184056
2020-08-02 14:00:00,26.753222213085856,43.71150072034518,0.7746716749881635
2020-08-02 14:15:00,26.915967995807346,41.41117684813804,0.7164909985014284
2020-08-02 14:30:00,28.090229991545687,42.1249704039279,0.7339012714821325
2020-08-02 14:45:00,27.708930993218335,39.73618886490894,0.6730918456255784
2020-08-02 15:00:00,27.27981030516787,41.74679840908191,0.6481885384209406
2020-08-02 15:15:00,26.776885882840052,38.56275099912993,0.5747938316771677
2020-08-02 15:30:00,27.218994990212284,40.52888577721731,0.535772803816512
2020-08-02 15:45:00,25.700856054041388,36.38218844953071,0.5046073361308928
2020-08-02 16:00:00,25.9546167710381,35.16728071015016,0.42841059650138036
2020-08-02 16:15:00,25.949477038548512,35.060441324405794,0.4036260886505672
2020-08-02 16:30:00,25.933288154870525,34.58828281669354,0.33733479083638407
2020-08-02 16:45:00,24.681799868609037,29.53948330786926,0.254637963365339
2020-08-02 17:00:00,26.176775862971347,31.028712558384658,0.22625679681392405
2020-08-02 17:15:00,24.08729605434313,27.370367652052607,0.17905611354561854
2020-08-02 17:30:00,23.497296841767927,24.294360906404858,0.1050601396826065
2020-08-02 17:45:00,24.507584555582103,28.23268784384004,0.09808904114757536
2020-08-02 18:00:00,23.02786690410352,22.07279987915215,0.0
2020-08-02 18:15:00,22.98983038801667,23.04988158162323,0.0
2020-08-02 18:30:00,23.348413275679764,22.873369960664302,0.0
2020-08-02 18:45:00,21.68053562530244,22.694967166287057,0.0
2020-08-02 19:00:00,21.337947609229268,21.57631601148466,0.0
2020-08-02 19:15:00,20.976314965403425,21.545664341863866,0.0
2020-08-02 19:30:00,19.596280489104767,17.7916438776271,0.0
2020-08-02 19:45:00,19.72888622593676,19.988512754139048,0.0
2020-08-02 20:00:00,19.144186769902028,18.433565218268406,0.0
2020-08-02 20:15:00,18.842132185054748,17.703569627763336,0.0
2020-08-02 20:30:00,18.701223732299017,17.437328920630886,0.0
2020-08-02 20:45:00,18.05492512532838,19.667576574938277,0.0
2020-08-02 21:00:00,16.74089139072865,17.86522070479817,0.0
2020-08-02 21:15:00,15.59909314495254,15.087675632227947,0.0
2020-08-02 21:30:00,15.649713051246996,15.858711001325954,0.0
2020-08-02 21:45:00,16.54081964408105,16.70178927572413,0.0
2020-08-02 22:00:00,15.688979845089554,17.086329526896918,0.0
2020-08-02 22:15:00,15.14679958256643,15.072842788768858,0.0
2020-08-02 22:30:00,14.544293992948056,16.024548844349138,0.0
2020-08-02 22:45:00,13.859372583091991,13.230142169749923,0.0
2020-08-02 23:00:00,14.330586200474748,13.078804766526277,0.0
2020-08-02 23:15:00,13.446490975266599,12.628252103063797,0.0
2020-08-02 23:30:00,12.23703786198045,11.815543371967218,0.0
2020-08-02 23:45:00,13.82633745194823,14.223671563008654,0.0
2020-08-03 00:00:00,13.136500723157756,13.172181699921525,0.0
2020-08-03 00:15:00,12.5722310821925,12.67370266982767,0.0
2020-08-03 00:30:00,11.373517695349237,11.510160389131618,0.0
2020-08-03 00:45:00,11.112912742948293,11.75992800384756,0.0
2020-08-03 01:00:00,12.123285295818299,11.323788484282467,0.0
2020-08-03 01:15:00,11.205102519707262,10.363709517751616,0.0
2020-08-03 01:30:00,11.384638754145284,12.298456107949702,0.0
2020-08-03 01:45:00,10.617145039349912,12.345301514479642,0.0
2020-08-03 02:00:00,11.109376491549705,10.024456237833657,0.0
2020-08-03 02:15:00,10.89927105228901,11.748959278613036,0.0
2020-08-03 02:30:00,11.058272809185006,8.36737681015163,0.0
2020-08-03 02:45:00,11.304152542450753,12.11902711199346,0.0
2020-08-03 03:00:00,12.118925300205978,12.365521782552047,0.0
2020-08-03 03:15:00,11.195641505473032,10.00409942151339,0.0
2020-08-03 03:30:00,12.199610605957552,12.050436273325895,0.0
2020-08-03 03:45:00,12.287952106499855,12.73911549133696,0.0
2020-08-03 04:00:00,12.138237514370884,12.531727194619243,0.0
2020-08-03 04:15:00,11.411946885869336,12.448330256919155,0.0
2020-08-03 04:30:00,12.067815657019286,12.563154028103481,0.0
2020-08-03 04:45:00,13.194087194575593,13.820981751531352,0.0
2020-08-03 05:00:00,13.47595714664276,15.076892942032087,0.0
2020-08-03 05:15:00,14.75078954794945,13.260805953115373,0.0
2020-08-03 05:30:00,14.482801429411943,15.295402778518566,0.0
2020-08-03 05:45:00,14.945722382894166,15.871001259472816,0.0
2020-08-03 06:00:00,15.364029405039346,14.1973789078353,0.0
2020-08-03 06:15:00,15.87775507224675,18.29787519884119,0.08857450244093337
2020-08-03 06:30:00,15.56667791588283,17.890929449097882,0.1498462107692933
2020-08-03 06:45:00,16.43641014146065,19.037442458295015,0.16501309176313084
2020-08-03 07:00:00,16.753334032789425,22.022811168471527,0.25398344568793085
2020-08-03 07:15:00,17.446759398476697,23.59679993916894,0.298806022547592
2020-08-03 07:30:00,17.659997084618993,22.92567588183722,0.325628285784752
2020-08-03 07:45:00,18.411934416817104,25.460522467378027,0.3692492334159904
2020-08-03 08:00:00,18.33706062811626,26.728397280264886,0.0882423788983139
2020-08-03 08:15:00,20.12677884401999,29.243902387304527,0.09725676527477999
2020-08-03 08:30:00,20.46256374524604,31.178896361348347,0.1106496885698364
2020-08-03 08:45:00,21.7779942453289,33.6048132993288,0.12454002493638648
2020-08-03 09:00:00,21.37361238029013,35.812313364729626,0.1302235484128887
2020-08-03 09:15:00,20.8129441394187,34.395463300948244,0.13958610004482963
2020-08-03 09:30:00,22.122887260519423,35.363197133568256,0.14631891398256244
2020-08-03 09:45:00,23.10376510089407,37.965070160821966,0.15536887877976527
2020-08-03 10:00:00,22.9642355706911,38.30728606783303,0.15933119521304467
2020-08-03 10:15:00,23.426536778523282,40.21692574821527,0.16044408704935942
2020-08-03 10:30:00,23.996441249202018,39.14088684749758,0.1599818136321692
2020-08-03 10:45:00,24.866728260466967,41.20250759274802,0.1613630623486293
2020-08-03 11:00:00,25.36189499998775,42.878969851555745,0.1738885521474417
2020-08-03 11:15:00,25.40294282076473,43.688658969657624,0.18162989084019562
2020-08-03 11:30:00,25.797271912539685,42.972680383572566,0.17637827686131835
2020-08-03 11:45:00,26.001740146304808,41.69460263084668,0.1803344129488583
2020-08-03 12:00:00,26.503631436451823,44.88174434672066,0.17405564455007055
2020-08-03 12:15:00,26.686604960041564,45.55549010582744,0.1827942610369456
2020-08-03 12:30:00,25.871926119165018,43.90628650268852,0.1725108801723776
2020-08-03 12:45:00,26.070934514377374,43.769662223023495,0.17402285499757061
2020-08-03 13:00:00,27.421171922450373,45.57788014460516,0.17664211989534317
2020-08-03 13:15:00,27.588254943231764,44.614934151580364,0.17274791324520372
2020-08-03 13:30:00,26.71743188190437,46.39684595761839,0.1719581918193127
2020-08-03 13:45:00,27.887282773370462,44.14029676079516,0.16068856212765506
2020-08-03 14:00:00,27.325464692971927,40.68846171616499,0.15531424388311638
2020-08-03 14:15:00,26.99439264384865,40.89931027640942,0.1416731258292999
2020-08-03 14:30:00,26.478959213411194,40.82589943879628,0.1415586219771578
2020-08-03 14:45:00,26.486559640544094,39.83192138605641,0.13269184855480531
2020-08-03 15:00:00,27.2577036669722,39.851720393291195,0.12578064763187288
2020-08-03 15:15:00,26.555425366879405,39.80415495775542,0.1176774022337479
2020-08-03 15:30:00,26.535800421317013,35.83332614893294,0.10081550908487663
2020-08-03 15:45:00,25.773311582791802,36.79889907630394,0.10389614448168674
2020-08-03 16:00:00,25.938793245619394,35.014569712358046,0.09219750951583583
2020-08-03 16:15:00,25.720187732080493,32.57688773301321,0.42051242279438084
2020-08-03 16:30:00,25.497392229801445,32.96390160311614,0.35459623476634183
2020-08-03 16:45:00,25.675590985883442,32.96182033502638,0.30595431402745543
2020-08-03 17:00:00,24.205040518288403,30.25312577636873,0.22620813471871282
2020-08-03 17:15:00,24.644763402272712,28.684911606583604,0.1685404898262658
2020-08-03 17:30:00,23.283718412070655,24.566343794598943,0.11968336071842392
2020-08-03 17:45:00,24.009709599788824,23.515876119335275,0.06812825142160733
2020-08-03 18:00:00,23.788198446962493,23.104041905165772,0.0
2020-08-03 18:15:00,21.945227701811934,21.924038944282394,0.0
2020-08-03 18:30:00,22.18224967433291,21.442922108627705,0.0
2020-08-03 18:45:00,21.90319972834377,20.442505598678284,0.0
2020-08-03 19:00:00,21.178763255146713,20.65608463499288,0.0
2020-08-03 19:15:00,20.486141863629076,19.60634465281552,0.0
2020-08-03 19:30:00,19.70655286585749,18.686863883772745,0.0
2020-08-03 19:45:00,19.65349881666367,19.15093964526269,0.0
2020-08-03 20:00:00,19.151465662640696,19.766111290132173,0.0
2020-08-03 20:15:00,19.22159256984993,18.170773402075994,0.0
2020-08-03 20:30:00,17.848674507774824,17.894514112248608,0.0
2020-08-03 20:45:00,16.359095884522038,16.82510161154628,0.0
2020-08-03 21:00:00,17.64434194163032,14.440365171212235,0.0
2020-08-03 21:15:00,16.59443968832304,15.278262173921872,0.0
2020-08-03 21:30:00,17.028934167912883,16.094708843238696,0.0
2020-08-03 21:45:00,15.710439510840136,15.03581108630326,0.0
2020-08-03 22:00:00,15.624744389004727,14.229411732981482,0.0
2020-08-03 22:15:00,14.191590453612404,16.746672447837522,0.0
2020-08-03 22:30:00,14.757610789792057,14.81971073659432,0.0
2020-08-03 22:45:00,14.039984222470094,12.247047560380325,0.0
2020-08-03 23:00:00,13.206165165855001,13.322127877493806,0.0
2020-08-03 23:15:00,13.814793711977362,13.327829690936202,0.0
2020-08-03 23:30:00,13.334660713730143,12.149489856512096,0.0
2020-08-03 23:45:00,12.145693601099168,12.561290881088555,0.0
2020-08-04 00:00:00,11.887339811641121,9.519287108015153,0.0
2020-08-04 00:15:00,11.509190415116473,12.295307814308806,0.0
2020-08-04 00:30:00,11.897314336373762,13.392975529677715,0.0
2020-08-04 00:45:00,10.851772307468254,11.89305469984344,0.0
2020-08-04 01:00:00,12.012157508545098,12.162134847508677,0.0
2020-08-04 01:15:00,11.098310480569848,10.851117103093115,0.0
2020-08-04 01:30:00,11.310904930948134,10.875939600662885,0.0
2020-08-04 01:45:00,11.15701860220483,10.294422969432988,0.0
2020-08-04 02:00:00,10.226988955229364,9.625458291904724,0.0
2020-08-04 02:15:00,12.090284721615014,10.953728990494827,0.0
2020-08-04 02:30:00,10.617126389674086,9.384150014184774,0.0
2020-08-04 02:45:00,10.791166761639253,10.704776295403857,0.0
2020-08-04 03:00:00,11.262252467914896,12.384529361534167,0.0
2020-08-04 03:15:00,11.766354360710363,11.990819584224528,0.0
2020-08-04 03:30:00,11.265175274157261,11.257652933407693,0.0
2020-08-04 03:45:00,12.223190320850565,9.765818266601284,0.0
2020-08-04 04:00:00,12.118108221684421,12.183890496679428,0.0
2020-08-04 04:15:00,12.280072228607365,13.812523922603177,0.0
2020-08-04 04:30:00,12.831463904125664,11.017082640485896,0.0
2020-08-04 04:45:00,11.946485032996634,12.55086433867342,0.0
2020-08-04 05:00:00,13.76648588785333,12.41042812072811,0.0
2020-08-04 05:15:00,14.912976843685394,16.094568462649615,0.0
2020-08-04 05:30:00,13.35339620545711,14.048867786893464,0.0
2020-08-04 05:45:00,15.242492012184472,14.67356240183912,0.0
2020-08-04 06:00:00,14.821377279972655,13.712328064682069,0.028804260117693464
2020-08-04 06:15:00,15.137138484868057,15.826166563397166,0.08597863130971004
2020-08-04 06:30:00,16.205511292182248,20.585848182977998,0.15024141770644703
2020-08-04 06:45:00,16.843862245436572,18.52658963205548,0.17716144123396396
2020-08-04 07:00:00,17.127756211489242,23.735975654053426,0.24071083219391948
2020-08-04 07:15:00,18.382638934522145,23.18343409102549,0.26990519553086756
2020-08-04 07:30:00,17.966678833190176,25.05036089456456,0.3697823421355729
2020-08-04 07:45:00,18.458084475094992,26.92603682072657,0.416667447171341
2020-08-04 08:00:00,19.733418366747244,30.586140978269214,0.4790283058925421
2020-08-04 08:15:00,18.64431044952938,28.234542683833496,0.46570546488201114
2020-08-04 08:30:00,20.73946509213565,32.17345679099494,0.5425609179620529
2020-08-04 08:45:00,20.986630427699982,33.67577279789596,0.6032099515545893
2020-08-04 09:00:00,21.503276352897334,35.42778630561049,0.6454404846195347
2020-08-04 09:15:00,20.9776419431369,35.968150011600386,0.6589918133026456
2020-08-04 09:30:00,22.638201474225227,39.71213067253951,0.7079756224110573
2020-08-04 09:45:00,22.280555957414382,35.902429148636976,0.7388573435744976
2020-08-04 10:00:00,22.41509213107831,38.72796440298248,0.7733872608149452
2020-08-04 10:15:00,23.29099449313893,41.384021988533696,0.8233064187748125
2020-08-04 10:30:00,23.851572990767618,40.29679602971243,0.8453248388133607
2020-08-04 10:45:00,23.67533318532328,41.148607640527814,0.9049515111744268
2020-08-04 11:00:00,25.049020162085416,44.03594795813808,0.856530395246655
2020-08-04 11:15:00,25.21790297400178,42.13855694734307,0.8840503554891671
2020-08-04 11:30:00,25.858836807863273,43.320190546214235,0.8690622657640396
2020-08-04 11:45:00,25.370615836794663,42.562465464548396,0.9188659487619887
2020-08-04 12:00:00,26.025420599457078,44.3315191674341,0.8953915315875426
2020-08-04 12:15:00,27.124419460516947,44.32407671366357,0.8753704689380738
2020-08-04 12:30:00,27.254145145267426,46.830090445476905,0.9080702202417176
2020-08-04 12:45:00,27.08201005137456,44.20103489318458,0.8846615136632704
2020-08-04 13:00:00,26.49886338148368,44.31500041097002,0.8735860255820936
2020-08-04 13:15:00,27.578875732632937,43.7168376459187,0.8474516822989645
2020-08-04 13:30:00,26.834543323547987,40.869359098246555,0.8028248708176919
2020-08-04 13:45:00,27.27186748663432,41.714405204943034,0.7579553498895601
2020-08-04 14:00:00,26.72545662603451,42.50513949390114,0.7821700900682078
2020-08-04 14:15:00,26.528712380836275,40.05951523682134,0.7322131219458273
2020-08-04 14:30:00,28.044249746554517,43.27022540793974,0.7266874027093337
2020-08-04 14:45:00,25.81959672197449,39.439838258396286,0.6887623242222726
2020-08-04 15:00:00,26.596554976743146,38.06844830887563,0.6002501638750074
2020-08-04 15:15:00,26.46048271020111,38.289213554630884,0.5906654278121098
2020-08-04 15:30:00,26.512786983396992,37.16133886179547,0.5743275112817309
2020-08-04 15:45:00,24.94483829230377,33.519736969563226,0.5034927380063037
2020-08-04 16:00:00,26.125037128669767,33.66428587152714,0.4534196805173899
2020-08-04 16:15:00,26.252947772780967,34.14656632029908,0.4122569200640984
2020-08-04 16:30:00,26.570252798188015,33.50700388253191,0.3360914517811654
2020-08-04 16:45:00,25.500776984478,29.564713914458242,0.2931100494956291
2020-08-04 17:00:00,23.93244504235642,29.950485114610036,0.23622633510862598
2020-08-04 17:15:00,24.467569296837233,25.86583943738389,0.16804797269610972
2020-08-04 17:30:00,24.077717072271838,26.14459931702575,0.10978121006165985
2020-08-04 17:45:00,23.520765798119736,22.316188729413074,0.01830712753291721
2020-08-04 18:00:00,23.545455880711863,23.329381083582817,0.0
2020-08-04 18:15:00,23.434841060540307,24.230574438795312,0.0
2020-08-04 18:30:00,22.95003026081804,24.015198851968833,0.0
2020-08-04 18:45:00,21.95991327460953,23.76029261840168,0.0
2020-08-04 19:00:00,21.46370255783292,21.301279679643812,0.0
2020-08-04 19:15:00,20.567354601265244,20.585866132594294,0.0
2020-08-04 19:30:00,20.651748106159253,19.134901023152246,0.0
2020-08-04 19:45:00,20.34680409315029,20.637985687502013,0.0
2020-08-04 20:00:00,20.246600880336594,20.187327595445844,0.0
2020-08-04 20:15:00,19.600577766775793,19.60910430981245,0.0
2020-08-04 20:30:00,18.347250734764742,18.133918064491976,0.0
2020-08-04 20:45:00,17.325621616239307,17.36594614434314,0.0
2020-08-04 21:00:00,15.976627683818007,15.577833510156054,0.0
2020-08-04 21:15:00,15.658167278383528,17.864967960241273,0.0
2020-08-04 21:30:00,16.28225033418491,15.795108109654207,0.0
2020-08-04 21:45:00,15.160697801552821,14.982425697340194,0.0
2020-08-04 22:00:00,15.054786558459009,14.853873351573348,0.0
2020-08-04 22:15:00,15.613754774430609,15.57670472449195,0.0
2020-08-04 22:30:00,14.78046414226875,14.037083858454285,0.0
2020-08-04 22:45:00,13.529285052820436,14.432991769109003,0.0
2020-08-04 23:00:00,13.193489519188072,12.152437729057292,0.0
2020-08-04 23:15:00,12.969865013381652,11.918946269796324,0.0
2020-08-04 23:30:00,11.862471499630484,12.883607938856022,0.0
2020-08-04 23:45:00,12.596875722958355,12.02795183080632,0.0
2020-08-05 00:00:00,12.32516704513306,11.302030477404632,0.0
2020-08-05 00:15:00,11.248292100059151,12.147647039478302,0.0
2020-08-05 00:30:00,11.053021889733648,9.918836554377727,0.0
2020-08-05 00:45:00,11.950923173875903,10.814371588572223,0.0
2020-08-05 01:00:00,11.161293845917033,11.677162302358578,0.0
2020-08-05 01:15:00,11.600203624499908,12.128383534101005,0.0
2020-08-05 01:30:00,11.799858391819685,11.682016168110868,0.0
2020-08-05 01:45:00,10.88901661677211,10.540516243574254,0.0
2020-08-05 02:00:00,10.352241100862965,10.40270275011917,0.0
2020-08-05 02:15:00,11.415712006903181,10.56277548415611,0.0
2020-08-05 02:30:00,11.186416836905448,9.628017993969985,0.0
2020-08-05 02:45:00,11.770760617466587,11.255621167560747,0.0
2020-08-05 03:00:00,11.158630957012328,11.192809658501266,0.0
2020-08-05 03:15:00,11.392953055411734,11.233134211136745,0.0
2020-08-05 03:30:00,11.558623851057687,12.330625210887748,0.0
2020-08-05 03:45:00,11.382109911880407,10.80116747360295,0.0
2020-08-05 04:00:00,12.363379874752718,13.005790258936564,0.0
2020-08-05 04:15:00,12.227036158512906,10.846106521281365,0.0
2020-08-05 04:30:00,13.046833305874088,11.642381856826542,0.0
2020-08-05 04:45:00,12.755220679492071,12.688942669036845,0.0
2020-08-05 05:00:00,12.799849973099096,13.136788644711036,0.0
2020-08-05 05:15:00,14.245506669743536,12.952662030418452,0.0
2020-08-05 05:30:00,13.681010638681762,14.138151760136038,0.0
2020-08-05 05:45:00,14.994983610998611,15.685868986433402,0.0
2020-08-05 06:00:00,14.894726489639234,15.721453348547055,0.0
2020-08-05 06:15:00,14.904325777040121,16.823531996351708,0.06998365981487169
2020-08-05 06:30:00,17.065445993825048,18.968105984077162,0.10962073185382225
2020-08-05 06:45:00,16.76912524714368,21.185480678143612,0.18676499421835255
2020-08-05 07:00:00,17.466303406332944,23.065644328171132,0.2301980171180441
2020-08-05 07:15:00,17.166112233009166,22.135371580530165,0.29735233443519926
2020-08-05 07:30:00,18.069358456090942,24.31305003406488,0.35207001374688507
2020-08-05 07:45:00,18.55585591860151,26.50704458603676,0.39777784508859665
2020-08-05 08:00:00,19.288701811585245,28.40227410968221,0.41512245376803575
2020-08-05 08:15:00,20.617962183250242,33.509054171912936,0.5040864352247953
2020-08-05 08:30:00,20.424091970450757,31.132243694624858,0.57036011595454
2020-08-05 08:45:00,20.841605039636395,33.45589368518358,0.6031385870800585
2020-08-05 09:00:00,21.0563488357236,35.16532205384293,0.6140585634425613
2020-08-05 09:15:00,22.023273584227923,34.974224957216734,0.7207446611038095
2020-08-05 09:30:00,22.06946186281407,35.1509651177962,0.6976608469760718
2020-08-05 09:45:00,21.505856495186116,36.04342942625508,0.7456699661290442
2020-08-05 10:00:00,23.89128276907166,39.693780525905545,0.7748121505986443
2020-08-05 10:15:00,23.535950935871888,39.93043396402771,0.8097635308317095
2020-08-05 10:30:00,23.680218966275596,40.642339117818295,0.8186532317864408
2020-08-05 10:45:00,24.210906418206665,41.596761479543375,0.9010008590432335
2020-08-05 11:00:00,25.52836172757985,43.05526431352809,0.9330305665515445
2020-08-05 11:15:00,25.15258030161173,42.74663391996638,0.8853343435489565
2020-08-05 11:30:00,25.932405175053695,43.082574323137365,0.9103397295262677
2020-08-05 11:45:00,25.412864993069466,42.047373041196174,0.8909594726471988
2020-08-05 12:00:00,25.501548960771455,43.3036776623814,0.9416748808874836
2020-08-05 12:15:00,26.277576062048606,43.10614765469591,0.882856980599707
2020-08-05 12:30:00,26.91810174955502,44.95667361597223,0.899224072103694
2020-08-05 12:45:00,26.70994950472723,44.22074683130312,0.881472233469274
2020-08-05 13:00:00,26.52756899362833,43.31848982834791,0.8791836889831461
2020-08-05 13:15:00,27.576239789703788,44.42067964857321,0.8376234925203795
2020-08-05 13:30:00,27.22827106400413,43.30875863757751,0.8107041070191702
2020-08-05 13:45:00,25.968459230999255,41.571663203262645,0.7944394186438967
2020-08-05 14:00:00,26.806011427079348,42.99744093559873,0.7512929430497376
2020-08-05 14:15:00,27.80190402562622,41.58462823665387,0.7291836548745515
2020-08-05 14:30:00,26.71471788097272,42.7759704481162,0.7458633722474722
2020-08-05 14:45:00,26.662803271862085,37.791920031371696,0.6708028508811095
2020-08-05 15:00:00,26.60591017050039,36.87204485254192,0.5913161210922572
2020-08-05 15:15:00,27.18356028853683,41.133313077117066,0.6322650530771244
2020-08-05 15:30:00,26.804684379106384,38.499517251639254,0.5422115157409869
2020-08-05 15:45:00,26.520845735790495,35.330009056537776,0.49098573868841433
2020-08-05 16:00:00,25.435014679662665,34.2984753228091,0.4539689659690649
2020-08-05 16:15:00,26.228983910209397,32.76398354308285,0.401348088365375
2020-08-05 16:30:00,24.71099729483857,32.99097555706087,0.38268983170117515
2020-08-05 16:45:00,24.915949984754736,31.25539105499916,0.26872806006161293
2020-08-05 17:00:00,24.057310773624486,28.417315218374842,0.24760753077129025
2020-08-05 17:15:00,25.601780384240396,29.603397842781426,0.14001457907157636
2020-08-05 17:30:00,24.46083736285305,27.270388445193102,0.11777637216257379
2020-08-05 17:45:00,23.60423513162244,26.220513598642455,0.06500658321768257
2020-08-05 18:00:00,23.289216636465273,22.886655258464423,0.0
2020-08-05 18:15:00,22.932333246426936,23.09979543464656,0.0
2020-08-05 18:30:00,22.421403801419235,22.891365064265713,0.0
2020-08-05 18:45:00,20.900268971459635,21.161427008291337,0.0
2020-08-05 19:00:00,21.527546344804353,21.922886010883087,0.0
2020-08-05 19:15:00,21.51172130094326,20.648598951458496,0.0
2020-08-05 19:30:00,19.89281238313077,19.104990815049046,0.0
2020-08-05 19:45:00,18.965294132248566,19.789103179725668,0.0
2020-08-05 20:00:00,18.827061169689152,18.950826620059143,0.0
2020-08-05 20:15:00,17.89213370429197,17.038577047863576,0.0
2020-08-05 20:30:00,17.59148008652214,16.999572288624442,0.0
2020-08-05 20:45:00,17.90615497679677,16.81401990511598,0.0
2020-08-05 21:00:00,16.419961093544096,15.859073575034326,0.0
2020-08-05 21:15:00,15.954383943623894,14.598309951623506,0.0
2020-08-05 21:30:00,16.180497090575884,16.438604707609844,0.0
2020-08-05 21:45:00,16.436722629643253,15.49531487621624,0.0
2020-08-05 22:00:00,15.246932437081394,14.818960745689292,0.0
2020-08-05 22:15:00,14.674991989161878,13.792091025761094,0.0
2020-08-05 22:30:00,14.339104589602984,14.414253329925996,0.0
2020-08-05 22:45:00,13.251671063272912,11.377229936001065,0.0
2020-08-05 23:00:00,13.61196647324657,13.670810116232287,0.0
2020-08-05 23:15:00,13.44666676035407,12.979930508369097,0.0
2020-08-05 23:30:00,12.14551328904206,12.124140209683809,0.0
2020-08-05 23:45:00,12.756340462151098,12.56167188436429,0.0
2020-08-06 00:00:00,13.002362629164972,14.616049682540396,0.0
2020-08-06 00:15:00,11.662169889703472,11.333969875728782,0.0
2020-08-06 00:30:00,11.162006272437754,11.032421812446069,0.0
2020-08-06 00:45:00,12.737808072784189,12.215427915312656,0.0
2020-08-06 01:00:00,10.987677944903,9.35682569641457,0.0
2020-08-06 01:15:00,11.37284482968974,10.942184253224795,0.0
2020-08-06 01:30:00,11.57243687820772,13.198309127677406,0.0
2020-08-06 01:45:00,10.8450271148901,10.394239113103964,0.0
2020-08-06 02:00:00,10.506313502742287,12.40545802332526,0.0
2020-08-06 02:15:00,10.404520458017052,10.1830665874137,0.0
2020-08-06 02:30:00,11.66208325276678,12.586861208737757,0.0
2020-08-06 02:45:00,11.016736760164134,10.4546400647064,0.0
2020-08-06 03:00:00,10.846402497005064,9.674571554229786,0.0
2020-08-06 03:15:00,11.207430320972138,10.352596224923644,0.0
2020-08-06 03:30:00,10.781664866059073,11.59150064750255,0.0
2020-08-06 03:45:00,12.179358765216513,12.921076393984459,0.0
2020-08-06 04:00:00,12.357657092692776,13.093168670708135,0.0
2020-08-06 04:15:00,12.752725576319941,14.275919414167223,0.0
2020-08-06 04:30:00,12.796250261446437,13.559068913565213,0.0
2020-08-06 04:45:00,12.58260902203662,12.805024450109235,0.0
2020-08-06 05:00:00,12.900384476239008,10.213986222014103,0.0
2020-08-06 05:15:00,14.383752748609243,14.91927668632224,0.0
2020-08-06 05:30:00,14.367610266057135,14.942908415789455,0.0
2020-08-06 05:45:00,14.055511928697447,13.827060950552058,0.0
2020-08-06 06:00:00,14.694108439252595,12.685086332606684,0.0
2020-08-06 06:15:00,15.760579472632926,16.872161137154297,0.07229332760418941
2020-08-06 06:30:00,16.0158675351059,18.882768800835724,0.13621364658267632
2020-08-06 06:45:00,16.84935941462559,19.515370582064886,0.15987670743595975
2020-08-06 07:00:00,17.209100002156266,22.53701160312003,0.219500061396808
2020-08-06 07:15:00,17.46491469428622,21.86939899716562,0.2929678507649219
2020-08-06 07:30:00,18.28477187120489,23.54985027470745,0.3370719546353641
2020-08-06 07:45:00,18.138908317497034,25.921393531508468,0.40479894985249404
2020-08-06 08:00:00,19.62978073662417,27.585318344790757,0.44580661196014076
2020-08-06 08:15:00,19.241914733031955,30.89290331600594,0.5366411465579108
2020-08-06 08:30:00,19.684072581630154,30.706655968496264,0.5569857788425918
2020-08-06 08:45:00,20.9492267809511,32.885686700712434,0.5851128795131241
2020-08-06 09:00:00,21.206487380804955,33.27708106947583,0.6666401528868351
2020-08-06 09:15:00,21.80198745962442,37.94987351277492,0.707133817241752
2020-08-06 09:30:00,21.479941238495154,36.46993538798059,0.7096340632265162
2020-08-06 09:45:00,22.687171037451648,37.25589753739625,0.7441099822395845
2020-08-06 10:00:00,23.55844099675187,39.09575314957806,0.7675337121266604
2020-08-06 10:15:00,23.89506183296124,39.409383544792426,0.7982113359305889
2020-08-06 10:30:00,23.865066328065897,41.0908656370466,0.8465599314522481
2020-08-06 10:45:00,24.272186005774667,42.197828472429016,0.8619823232308486
2020-08-06 11:00:00,25.053792136849264,41.92683346514981,0.8440181081361197
2020-08-06 11:15:00,25.592449886372247,41.11623978033045,0.8644513170121133
2020-08-06 11:30:00,25.11004094452134,43.714933577390994,0.896995466028181
2020-08-06 11:45:00,25.52340278888064,43.535956152660255,0.8894784613268063
2020-08-06 12:00:00,25.754049217406887,44.167918399501566,0.9224977311194883
2020-08-06 12:15:00,25.87113219487132,46.01653780336841,0.9144671499241538
2020-08-06 12:30:00,26.081469581745566,43.80420104588599,0.8698174539991733
2020-08-06 12:45:00,27.024483892445033,44.74376719589671,0.8728494965083063
2020-08-06 13:00:00,28.341503729664954,45.19315262411047,0.8751806358887073
2020-08-06 13:15:00,26.695095515369626,42.074432892401305,0.8035984738177223
2020-08-06 13:30:00,26.77841987799444,42.40871178534046,0.7928416067336033
2020-08-06 13:45:00,26.775538478460728,42.6323264127301,0.8222688753496277
2020-08-06 14:00:00,27.079295374331505,42.836406296173784,0.7616663704142455
2020-08-06 14:15:00,26.785999304506536,41.109302096138684,0.7133238462678482
2020-08-06 14:30:00,27.20616247884262,42.37888655664668,0.7468352924154106
2020-08-06 14:45:00,27.498973527812666,38.380581939069714,0.667081369009583
2020-08-06 15:00:00,26.89893699461177,41.79901264108844,0.6786542821127045
2020-08-06 15:15:00,25.726898123751308,38.197728804019896,0.613505816622998
2020-08-06 15:30:00,27.151723687373053,38.97334603874486,0.5509645622771436
2020-08-06 15:45:00,25.86132324665595,36.61208642062984,0.47935551561148804
2020-08-06 16:00:00,25.439169793783503,35.41330485766786,0.4744554826944987
2020-08-06 16:15:00,25.090008773887217,32.026558734767505,0.41604987647552344
2020-08-06 16:30:00,26.253177813516064,32.900583588759226,0.34147617903026
2020-08-06 16:45:00,24.756959855032978,29.980187082606335,0.27846966632969417
2020-08-06 17:00:00,23.81298123576818,28.7506059328106,0.22016982878508623
2020-08-06 17:15:00,24.052227535277975,26.500574898821288,0.17336953098776564
2020-08-06 17:30:00,24.314372835278196,26.9763696341458,0.1260461953256592
2020-08-06 17:45:00,22.486404327559754,24.968731505764058,0.06924780733586705
2020-08-06 18:00:00,23.27869899884712,23.680776018888142,0.01696743529803157
2020-08-06 18:15:00,23.169679789573426,23.15901688419946,0.0
2020-08-06 18:30:00,22.019451408627187,21.271388935842086,0.0
2020-08-06 18:45:00,21.57736996379565,20.017096800874054,0.0
2020-08-06 19:00:00,20.819220322817166,22.467383699466914,0.0
2020-08-06 19:15:00,20.265267454747757,20.922319268835817,0.0
2020-08-06 19:30:00,20.664391359839566,18.921474863321876,0.0
2020-08-06 19:45:00,19.58933582366445,18.91497154984933,0.0
2020-08-06 20:00:00,18.634243356056068,19.28367903208123,0.0
2020-08-06 20:15:00,17.935862307570588,16.417958138780406,0.0
2020-08-06 20:30:00,17.606805375610115,15.291938084394832,0.0
2020-08-06 20:45:00,17.010798312597153,18.395320728790296,0.0
2020-08-06 21:00:00,17.112529641494586,17.065613467043658,0.0
2020-08-06 21:15:00,15.872751079852419,15.18034924365367,0.0
2020-08-06 21:30:00,16.10055198604214,18.545084913935746,0.0
2020-08-06 21:45:00,14.627127930572982,14.171302068184222,0.0
2020-08-06 22:00:00,14.281363292183018,14.782681395991267,0.0
2020-08-06 22:15:00,14.32591202559986,13.824752212782206,0.0
2020-08-06 22:30:00,14.780182210268308,15.37599142431145,0.0
2020-08-06 22:45:00,13.29108492747464,14.769072867178364,0.0
2020-08-06 23:00:00,13.220809370997427,12.595767488511202,0.0
2020-08-06 23:15:00,12.976863242777709,14.871848300288313,0.0
2020-08-06 23:30:00,13.118199674062824,13.088411087124793,0.0
2020-08-06 23:45:00,11.502112150414485,10.564823877079958,0.0
2020-08-07 00:00:00,12.207389689865165,12.279979243579364,0.0
2020-08-07 00:15:00,11.566474528751975,13.171836184709557,0.0
2020-08-07 00:30:00,11.54583841826382,10.666937323854727,0.0
2020-08-07 00:45:00,11.186203502234003,12.95073945837173,0.0
2020-08-07 01:00:00,10.725679067133637,11.657551201917634,0.0
2020-08-07 01:15:00,12.041805158214638,11.534549211515623,0.0
2020-08-07 01:30:00,10.90784855646016,10.809775921545663,0.0
2020-08-07 01:45:00,10.445468558688543,10.427763396823016,0.0
2020-08-07 02:00:00,10.255492724740437,9.764184698096543,0.0
2020-08-07 02:15:00,10.365423153468043,9.46258357961916,0.0
2020-08-07 02:30:00,10.05680284489917,8.057086133404601,0.0
2020-08-07 02:45:00,11.433244780962683,12.248056121763518,0.0
2020-08-07 03:00:00,11.743838186412713,12.429306306749785,0.0
2020-08-07 03:15:00,11.841694809949196,12.325383218422946,0.0
2020-08-07 03:30:00,11.74649504929793,13.23225672785217,0.0
2020-08-07 03:45:00,11.068582923225428,10.203404522222321,0.0
2020-08-07 04:00:00,12.807802091810638,11.24668418025789,0.0
2020-08-07 04:15:00,12.165970090339108,12.662978343889085,0.0
2020-08-07 04:30:00,12.154497107886648,10.82996716146301,0.0
2020-08-07 04:45:00,13.500951601509493,12.954026479650453,0.0
2020-08-07 05:00:00,12.973464789287698,13.32880264300306,0.0
2020-08-07 05:15:00,14.353668346057164,13.746624537846632,0.0
2020-08-07 05:30:00,14.56504883809143,14.098665662140816,0.0
2020-08-07 05:45:00,13.991479667836794,13.68948028443434,0.0
2020-08-07 06:00:00,14.676667609952156,14.38469921611552,0.0228985479239414
2020-08-07 06:15:00,15.184308032708188,18.058634586090115,0.02949486003659624
2020-08-07 06:30:00,15.506449008072837,19.903023816652833,0.10975751573019246
2020-08-07 06:45:00,16.561004679741647,19.860157125608488,0.2017996060551429
2020-08-07 07:00:00,17.216575391823188,21.42661223733318,0.22450300794161937
2020-08-07 07:15:00,17.642450559599776,23.506919583774476,0.28618881503137333
2020-08-07 07:30:00,17.768092250964777,23.728075225869258,0.3600214883418652
2020-08-07 07:45:00,17.68929742013654,24.613224726184242,0.3699407020105513
2020-08-07 08:00:00,19.313554011774354,28.00591644885487,0.4847131430339019
2020-08-07 08:15:00,19.838252769476966,29.961603480677166,0.4824647542115175
2020-08-07 08:30:00,19.949070890531306,31.659668293917402,0.5452978241328128
2020-08-07 08:45:00,21.550608283975304,32.19142669245916,0.5995490035366777
2020-08-07 09:00:00,21.413657808906503,33.08723917816716,0.6310452850860698
2020-08-07 09:15:00,20.944727493927815,35.6923750324039,0.667966129945993
2020-08-07 09:30:00,21.224220399364725,34.73036176448391,0.6983707265095034
2020-08-07 09:45:00,22.998398531036987,38.58301564744308,0.723531951209734
2020-08-07 10:00:00,22.35287156670917,37.25004881014335,0.7863739113967285
2020-08-07 10:15:00,23.456450195964162,39.480518680271736,0.8106013920222503
2020-08-07 10:30:00,24.799511924786266,41.23910577268606,0.8072418103883583
2020-08-07 10:45:00,24.82134600036679,42.813022574150494,0.8862443835261195
2020-08-07 11:00:00,24.595414049243537,42.34210910542049,0.8861289570835512
2020-08-07 11:15:00,24.852653766080163,42.06116240700877,0.8926631343925906
2020-08-07 11:30:00,24.830048757403738,42.69783203554823,0.8976012708838417
2020-08-07 11:45:00,25.76334700513577,46.253978605275755,0.9365390023470024
2020-08-07 12:00:00,26.240138399019795,44.52194531951859,0.9126609966571921
2020-08-07 12:15:00,26.50367581680728,43.51650322383939,0.9037503058163281
2020-08-07 12:30:00,27.241292387907922,45.788781795526276,0.9084891392665385
2020-08-07 12:45:00,25.32555493965244,43.548836854836466,0.8694994521954069
2020-08-07 13:00:00,27.209932060040636,44.57922018740013,0.8657624758041602
2020-08-07 13:15:00,27.76805676609081,46.8716072264774,0.8674229211888127
2020-08-07 13:30:00,26.88948048395001,45.276591334130025,0.8323474624600545
2020-08-07 13:45:00,26.38881398187163,42.506506266915096,0.8059988709379604
2020-08-07 14:00:00,27.686437111656158,42.67638468814083,0.7788107884197557
2020-08-07 14:15:00,27.108748890820134,41.68202898979228,0.7575647754770367
2020-08-07 14:30:00,27.28197895933547,39.55949394331936,0.7237551477389257
2020-08-07 14:45:00,27.073373948950557,41.14570959981213,0.701115728701933
2020-08-07 15:00:00,26.791188983534045,41.23672779023711,0.6499415323907942
2020-08-07 15:15:00,26.460174107001755,37.72400802033141,0.5988309055484216
2020-08-07 15:30:00,26.951329813879138,37.766741119388335,0.5468972800371092
2020-08-07 15:45:00,26.46746427553707,36.47622606225886,0.4798422551897537
2020-08-07 16:00:00,25.585228286004973,36.02314992432837,0.43656726407654306
2020-08-07 16:15:00,24.864945407090307,32.85169532623706,0.4097262875924077
2020-08-07 16:30:00,25.187736715814587,30.237010897517727,0.2944900015477762
2020-08-07 16:45:00,24.302835180290103,30.866615858743906,0.3100023018419233
2020-08-07 17:00:00,24.216527115709738,29.790630853581405,0.23863096527126304
2020-08-07 17:15:00,24.78875448793096,26.98067131435364,0.17315597773695482
2020-08-07 17:30:00,23.82476011789977,26.474829502610255,0.12066891123867156
2020-08-07 17:45:00,25.345339047109476,27.179073087278848,0.07387320041566921
2020-08-07 18:00:00,22.645544285233225,23.448962053581056,0.0
2020-08-07 18:15:00,22.548630089025785,23.36103965314153,0.0
2020-08-07 18:30:00,22.505735397375695,23.867981685215927,0.0
2020-08-07 18:45:00,20.673490398145308,19.832122323414712,0.0
2020-08-07 19:00:00,21.607809511393985,20.736596618417636,0.0
2020-08-07 19:15:00,20.75229574065042,21.135497576443985,0.0
2020-08-07 19:30:00,20.11204563742028,18.038279601725904,0.0
2020-08-07 19:45:00,19.3851599785866,17.965487049954845,0.0
2020-08-07 20:00:00,18.982938911557163,18.442640422489184,0.0
2020-08-07 20:15:00,18.592255070434415,18.36108604364161,0.0
2020-08-07 20:30:00,17.910139555565923,18.801469469372257,0.0
2020-08-07 20:45:00,17.628178380246357,17.51177872295774,0.0
2020-08-07 21:00:00,16.90243379154599,16.66771983756939,0.0
2020-08-07 21:15:00,16.306823572498203,15.578753038368811,0.0
2020-08-07 21:30:00,16.402708467792888,16.071302955375607,0.0
2020-08-07 21:45:00,15.01493024284338,13.710993686740943,0.0
2020-08-07 22:00:00,14.46549734163978,13.202419314276838,0.0
2020-08-07 22:15:00,13.801793695026356,12.476099408074955,0.0
2020-08-07 22:30:00,13.7210387500558,14.399970679704598,0.0
2020-08-07 22:45:00,13.988005373360068,12.98934559377809,0.0
2020-08-07 23:00:00,13.192687731603602,13.085850942193812,0.0
2020-08-07 23:15:00,13.40490282882529,13.144209769796651,0.0
2020-08-07 23:30:00,12.365861580048508,11.424063696380836,0.0
2020-08-07 23:45:00,12.018665860897753,11.991681949047246,0.0
2020-08-08 00:00:00,12.96616091080902,11.80560406788953,0.0
2020-08-08 00:15:00,11.604433049414107,12.104531752721426,0.0
2020-08-08 00:30:00,11.627968729350652,11.931661460367408,0.0
2020-08-08 00:45:00,12.56281124099194,14.108264720727334,0.0
2020-08-08 01:00:00,11.62203178304358,10.60592406465259,0.0
2020-08-08 01:15:00,11.011161655629918,9.74340558213919,0.0
2020-08-08 01:30:00,9.995546604504025,9.23669198573449,0.0
2020-08-08 01:45:00,11.485421762014642,10.736755990071979,0.0
2020-08-08 02:00:00,11.496839276942394,12.659801801482718,0.0
2020-08-08 02:15:00,10.765943501578047,9.01420330870455,0.0
2020-08-08 02:30:00,10.962119003050251,10.271871847222153,0.0
2020-08-08 02:45:00,10.831546823930564,11.135145951110188,0.0
2020-08-08 03:00:00,10.85719333325048,11.003997191112568,0.0
2020-08-08 03:15:00,11.594506510460977,12.15341779577945,0.0
2020-08-08 03:30:00,10.977986931270717,11.020625358927415,0.0
2020-08-08 03:45:00,11.688413339684367,12.45776800937238,0.0
2020-08-08 04:00:00,11.29154339122671,11.921062739702625,0.0
2020-08-08 04:15:00,12.680041614555645,13.47224589965345,0.0
2020-08-08 04:30:00,13.529948803382707,12.564349339804073,0.0
2020-08-08 04:45:00,11.533603182847042,11.156949863172446,0.0
2020-08-08 05:00:00,13.342487854968613,14.003895874247506,0.0
2020-08-08 05:15:00,14.135622795604485,14.791478021568622,0.0
2020-08-08 05:30:00,13.3672095932023,13.942638726136012,0.0
2020-08-08 05:45:00,14.157487272928122,13.950941958783318,0.0
2020-08-08 06:00:00,14.525321497850998,13.656479946513372,0.0
2020-08-08 06:15:00,15.488946416401387,17.17152370786004,0.07586014929255042
2020-08-08 06:30:00,15.81627884163062,18.898613087421946,0.09237260284001286
2020-08-08 06:45:00,16.537524519935793,19.157373546476222,0.18142708343873093
2020-08-08 07:00:00,16.810456585176315,21.138040147979858,0.2535527314591952
2020-08-08 07:15:00,17.17554486307444,22.693769987490743,0.3044737092536601
2020-08-08 07:30:00,17.380393042727057,23.133905605134817,0.3463165554348625
2020-08-08 07:45:00,17.678358150087693,26.16579747261774,0.39365784928862746
2020-08-08 08:00:00,18.878565159148526,28.242838914044412,0.43481718962108823
2020-08-08 08:15:00,19.44704795948193,30.29041784019855,0.4933466694968067
2020-08-08 08:30:00,19.665890138168578,29.20595550030029,0.5247556011813083
2020-08-08 08:45:00,20.258474758123935,31.982215066091893,0.5639585634452225
2020-08-08 09:00:00,20.953893393257616,30.488648802621025,0.6329763960419221
2020-08-08 09:15:00,21.69002479201562,36.215871585527395,0.6736974115456206
2020-08-08 09:30:00,22.635447743083358,36.760646935574066,0.6983851229293015
2020-08-08 09:45:00,23.10265155342972,37.84764096844218,0.7437088849679832
2020-08-08 10:00:00,22.605207479459178,38.68161984694743,0.7751887593042958
2020-08-08 10:15:00,22.98623460128346,38.545549630778126,0.8083514727019234
2020-08-08 10:30:00,24.438341283791022,43.565984696365284,0.8602328832134326
2020-08-08 10:45:00,23.44287197854167,41.16559778970899,0.8645539790401913
2020-08-08 11:00:00,25.183995582064266,42.4053541426917,0.8660595292272878
2020-08-08 11:15:00,25.465789476942426,43.261770122180145,0.9071809961873066
2020-08-08 11:30:00,25.83475570487781,42.10421641626447,0.8874052703968929
2020-08-08 11:45:00,25.528009234266495,43.76415608444638,0.8978745310888073
2020-08-08 12:00:00,25.775874332846456,44.107968570846836,0.8780784975443505
2020-08-08 12:15:00,25.78246321217057,45.159278296110166,0.9390054711288869
2020-08-08 12:30:00,25.63870286352784,40.79230329820018,0.8857890493252529
2020-08-08 12:45:00,26.247620439577343,45.545478873410524,0.8622093999052279
2020-08-08 13:00:00,26.460155442023517,42.42722888107602,0.8652410154864822
2020-08-08 13:15:00,26.491246023792087,43.3938730064437,0.8431231878572257
2020-08-08 13:30:00,26.699398475074254,43.35310527573355,0.827224116172113
2020-08-08 13:45:00,27.152326074099392,43.25867038599865,0.8128677224466494
2020-08-08 14:00:00,27.64178358467307,43.43571875194075,0.7926250313345232
2020-08-08 14:15:00,27.635132377475916,43.619656698079474,0.7090207411583671
2020-08-08 14:30:00,27.115104375779943,40.63360555366373,0.7199666358886336
2020-08-08 14:45:00,26.228594376883887,39.19019603347661,0.6755192906204834
2020-08-08 15:00:00,27.01226112829305,39.88354217676894,0.6434732410751112
2020-08-08 15:15:00,27.146778683484296,38.161594792423635,0.5899776728608797
2020-08-08 15:30:00,27.198956407926392,38.223904683971526,0.5686436669347577
2020-08-08 15:45:00,26.347115510460004,36.129959546147724,0.4866938865545788
2020-08-08 16:00:00,26.92660459020253,35.38333943212263,0.4460126090610377
2020-08-08 16:15:00,25.2398332252323,33.652894460569556,0.4023707297789796
2020-08-08 16:30:00,25.048553134560112,32.40148057928393,0.3372992687006323
2020-08-08 16:45:00,25.038368444604117,30.15941983578061,0.28101973452843976
2020-08-08 17:00:00,24.33949348502208,26.082884178103043,0.19259006685155655
2020-08-08 17:15:00,24.20917037126414,28.913791907779526,0.21188799860655388
2020-08-08 17:30:00,24.133693827327775,28.28364851415672,0.15225648406632253
2020-08-08 17:45:00,23.206372537097273,25.437812108375113,0.06765738858515816
2020-08-08 18:00:00,22.87451806261082,24.415636825158863,0.039141065230538515
2020-08-08 18:15:00,22.106513967212955,20.906960362375454,0.0
2020-08-08 18:30:00,21.81265218718299,21.895323787836524,0.0
2020-08-08 18:45:00,21.497925739872482,20.14059284565827,0.0
2020-08-08 19:00:00,20.59110366128945,20.51925725161745,0.0
2020-08-08 19:15:00,21.152941577120533,22.57787085392693,0.0
2020-08-08 19:30:00,19.688597641432303,19.149743581928895,0.0
2020-08-08 19:45:00,19.098170182159535,18.814355607583096,0.0
2020-08-08 20:00:00,18.706729524753328,17.392446846443548,0.0
2020-08-08 20:15:00,18.079386752817857,18.552819655509726,0.0
2020-08-08 20:30:00,18.12788631326795,19.150572375002643,0.0
2020-08-08 20:45:00,17.074271048014182,16.581433713394883,0.0
2020-08-08 21:00:00,16.966714506941607,16.269241117646903,0.0
2020-08-08 21:15:00,16.072533963706665,15.9544768773683,0.0
2020-08-08 21:30:00,15.941928887055104,16.075530421070905,0.0
2020-08-08 21:45:00,15.353930942754312,15.401293148896217,0.0
2020-08-08 22:00:00,15.811011380197213,17.176564910540343,0.0
2020-08-08 22:15:00,14.414681543530781,14.992047979599402,0.0
2020-08-08 22:30:00,13.541212696627994,14.249800755950442,0.0
2020-08-08 22:45:00,13.551674795336787,15.314841545942551,0.0
2020-08-08 23:00:00,14.298409664793462,13.8031203873911,0.0
2020-08-08 23:15:00,12.864153607097036,14.220448180429507,0.0
2020-08-08 23:30:00,11.286588129934968,11.34954535711917,0.0
2020-08-08 23:45:00,12.661050454640398,13.956464974950402,0.0
2020-08-09 00:00:00,12.451578184458148,11.533878902259087,0.0
2020-08-09 00:15:00,12.042165157934907,11.451841452030578,0.0
2020-08-09 00:30:00,11.4988382878912,9.739080021228936,0.0
2020-08-09 00:45:00,10.903189174410711,9.12760144147342,0.0
2020-08-09 01:00:00,10.597647711801999,9.137775478638313,0.0
2020-08-09 01:15:00,11.532162062077251,11.271253170313262,0.0
2020-08-09 01:30:00,11.204093427765786,10.671027844464913,0.0
2020-08-09 01:45:00,11.311069648304427,11.73659023136897,0.0
2020-08-09 02:00:00,11.776423685435962,11.485699062882425,0.0
2020-08-09 02:15:00,11.003534861319364,10.976859234111107,0.0
2020-08-09 02:30:00,12.121999063843111,12.550559197640432,0.0
2020-08-09 02:45:00,11.882968213436035,12.090765168783124,0.0
2020-08-09 03:00:00,10.030437654589207,9.189379938080602,0.0
2020-08-09 03:15:00,10.797178302366223,10.765688847395909,0.0
2020-08-09 03:30:00,10.77781541470443,11.396012584497822,0.0
2020-08-09 03:45:00,11.89230913139282,12.748051033675825,0.0
2020-08-09 04:00:00,12.644750098478708,14.417046579383767,0.0
2020-08-09 04:15:00,13.14951317480431,14.22015986834055,0.0
2020-08-09 04:30:00,13.953987508715711,15.410431280948274,0.0
2020-08-09 04:45:00,13.359539319445366,15.662854742914453,0.0
2020-08-09 05:00:00,13.079640388417678,11.168165672677926,0.0
2020-08-09 05:15:00,12.427158775657473,12.382661338630948,0.0
2020-08-09 05:30:00,14.413246943578132,13.79941584473949,0.0
2020-08-09 05:45:00,14.635685949331268,16.055993440492678,0.0
2020-08-09 06:00:00,15.376917767196725,15.138388952613541,0.0
2020-08-09 06:15:00,15.600214822768047,16.77107942438215,0.058280672886474025
2020-08-09 06:30:00,15.924110349114512,15.964896453620629,0.11316275758622117
2020-08-09 06:45:00,16.843895966450017,21.952493891136957,0.20779003696390375
2020-08-09 07:00:00,16.36343995317304,20.50710533916307,0.23609644281083658
2020-08-09 07:15:00,17.60639580485081,24.14579896616837,0.3057380222986706
2020-08-09 07:30:00,18.48060177732509,26.565285646077474,0.32591771002674136
2020-08-09 07:45:00,18.3403323172493,25.111947877219745,0.4053216424603141
2020-08-09 08:00:00,19.10977402979005,28.345688713850418,0.42509040598930714
2020-08-09 08:15:00,19.97456223901963,26.579842439647425,0.4571984281837775
2020-08-09 08:30:00,20.15255593500494,31.2430493888426,0.5459596684787652
2020-08-09 08:45:00,20.18717080794421,31.627297794270202,0.5699805108098528
2020-08-09 09:00:00,20.966292111764083,32.8433467280888,0.5972856523122917
2020-08-09 09:15:00,21.11892583922945,34.69930772400214,0.6657083012676451
2020-08-09 09:30:00,21.882754359680984,36.64910284824762,0.6994292694052746
2020-08-09 09:45:00,22.096412966933173,38.9852211349365,0.7524785517925067
2020-08-09 10:00:00,23.087151022630668,37.208871686106,0.7882685483676882
2020-08-09 10:15:00,22.729536730786705,38.407748189239264,0.807954774888799
2020-08-09 10:30:00,23.454405656880894,40.16731234418326,0.8414488863007132
2020-08-09 10:45:00,23.610137463720267,41.57802956531384,0.8644733454565863
2020-08-09 11:00:00,24.38010372678876,42.20727192859576,0.8583409789888344
2020-08-09 11:15:00,24.527439494816445,43.93568131747795,0.9028098735844511
2020-08-09 11:30:00,25.949029884953504,43.41167226537812,0.9090500385763483
2020-08-09 11:45:00,25.628252268009984,44.41384914744923,0.8794594056416908
2020-08-09 12:00:00,25.03994223400772,43.81163018746627,0.9088351247714764
2020-08-09 12:15:00,26.199108304715896,42.93546363921169,0.8861916776390302
2020-08-09 12:30:00,26.52485797600169,43.702785127531406,0.9061739460780016
2020-08-09 12:45:00,27.54085546604888,43.68409357644071,0.8706936386025788
2020-08-09 13:00:00,26.93608067667532,45.44650223202572,0.8494046700111741
2020-08-09 13:15:00,27.10478102807224,44.181406312418005,0.8507314425492499
2020-08-09 13:30:00,26.301370815679274,42.80176085045458,0.8453977541928991
2020-08-09 13:45:00,27.342463529857106,44.076837928296136,0.8381817538188332
2020-08-09 14:00:00,26.888834924396612,42.941323054533406,0.7787923920203192
2020-08-09 14:15:00,26.591924500630093,40.68916554867014,0.7300414731408613
2020-08-09 14:30:00,27.574414253062407,41.09186862099301,0.7136216701699931
2020-08-09 14:45:00,26.405496501455946,38.24245754804537,0.6499828672709669
2020-08-09 15:00:00,26.073109045003164,37.73535625688263,0.6112707550139479
2020-08-09 15:15:00,26.49472519825775,37.53073827304164,0.5524093807021578
2020-08-09 15:30:00,26.640141560250044,37.338782383834506,0.5554726252510537
2020-08-09 15:45:00,26.543523577479103,35.796564715599615,0.47825564041677177
2020-08-09 16:00:00,25.018163331103366,33.77963201762892,0.4561593325652894
2020-08-09 16:15:00,25.372253187837774,32.55130151621827,0.3870628177652694
2020-08-09 16:30:00,25.275195544598184,31.207615183878385,0.36226371634814225
2020-08-09 16:45:00,25.213833706098235,31.342694675662045,0.31345965525636
2020-08-09 17:00:00,24.933401407963558,30.23484512774273,0.2531835817035786
2020-08-09 17:15:00,24.17841491445655,28.396460926243787,0.18972357156189545
2020-08-09 17:30:00,23.237879839256294,25.689746735253852,0.14057520999246212
2020-08-09 17:45:00,23.434286008650655,24.28883075404294,0.05040876855662899
2020-08-09 18:00:00,23.571828665812692,22.794283789292983,0.0076158599839465406
2020-08-09 18:15:00,22.04197319513209,23.079850378624702,0.0
2020-08-09 18:30:00,22.295492067621254,23.70828614588215,0.0
2020-08-09 18:45:00,21.89047022341862,20.720633719510953,0.0
2020-08-09 19:00:00,21.063641838288,21.267159152131057,0.0
2020-08-09 19:15:00,20.670269732669993,20.337116943782913,0.0
2020-08-09 19:30:00,20.298981697684667,20.887309784957107,0.0
2020-08-09 19:45:00,19.670351266277184,18.51690148638747,0.0
2020-08-09 20:00:00,18.184205214431042,19.108541549550683,0.0
2020-08-09 20:15:00,18.635980842321118,17.601264646166364,0.0
2020-08-09 20:30:00,18.40735081411822,18.733764046732873,0.0
2020-08-09 20:45:00,17.247395290498947,15.841413673856326,0.0
2020-08-09 21:00:00,17.366990843936872,16.116791185793403,0.0
2020-08-09 21:15:00,16.758272252210062,15.938230685021312,0.0
2020-08-09 21:30:00,17.161067570680217,15.010548008821377,0.0
2020-08-09 21:45:00,16.117260588099207,14.52326224162054,0.0
2020-08-09 22:00:00,15.829348663041843,15.693223440852245,0.0
2020-08-09 22:15:00,14.709958271472653,15.987804804112923,0.0
2020-08-09 22:30:00,14.279737566155971,13.588316815638366,0.0
2020-08-09 22:45:00,12.990577740489158,13.032930321433989,0.0
2020-08-09 23:00:00,12.595533148683105,12.673835965682972,0.0
2020-08-09 23:15:00,12.928401949022353,12.379792567517867,0.0
2020-08-09 23:30:00,12.365422063289525,12.93750872663934,0.0
2020-08-09 23:45:00,12.568584190140045,11.767133184677865,0.0
2020-08-10 00:00:00,12.276691520753802,10.35880041929129,0.0
2020-08-10 00:15:00,12.395397585433908,11.506307546906841,0.0
2020-08-10 00:30:00,11.645430983090765,11.386026171609172,0.0
2020-08-10 00:45:00,10.862299430695574,12.667523204737938,0.0
2020-08-10 01:00:00,11.278804864233688,11.394422152085424,0.0
2020-08-10 01:15:00,10.420114682615559,9.671013255830353,0.0
2020-08-10 01:30:00,10.363034636856112,10.790232944447013,0.0
2020-08-10 01:45:00,11.085134429274582,11.011802752884135,0.0
2020-08-10 02:00:00,10.423691826911908,10.445500755522875,0.0
2020-08-10 02:15:00,10.535195861096192,10.916516721711327,0.0
2020-08-10 02:30:00,11.901755642176283,12.925242300690346,0.0
2020-08-10 02:45:00,10.319889617601062,9.636835475717945,0.0
2020-08-10 03:00:00,11.354182039566085,10.801453983305446,0.0
2020-08-10 03:15:00,11.33446382907274,10.419633944579441,0.0
2020-08-10 03:30:00,11.124692224774652,10.194463437146519,0.0
2020-08-10 03:45:00,11.982820886473796,12.128532398007396,0.0
2020-08-10 04:00:00,12.219394841956742,11.897135523699538,0.0
2020-08-10 04:15:00,12.746513556696106,11.375905513833885,0.0
2020-08-10 04:30:00,12.787292364000823,12.737729762085973,0.0
2020-08-10 04:45:00,12.187099923500993,12.202018791089856,0.0
2020-08-10 05:00:00,12.621865277674413,11.2065254740554,0.0
2020-08-10 05:15:00,13.387413604221447,12.907165663801553,0.0
2020-08-10 05:30:00,13.264650321664814,13.635369272825189,0.0
2020-08-10 05:45:00,14.166274961246229,13.358996378861647,0.0
2020-08-10 06:00:00,14.595043870665753,16.719017387134247,0.042117005841096525
2020-08-10 06:15:00,15.665062582510503,16.185704736443434,0.07564182597601075
2020-08-10 06:30:00,15.192421248371515,19.537418888894184,0.15932083803247374
2020-08-10 06:45:00,15.945487040291704,19.715793438178057,0.17329450656816553
2020-08-10 07:00:00,16.834563049782144,21.33665281763359,0.21689012360903048
2020-08-10 07:15:00,17.642307754919315,24.15044909088323,0.26673969388358626
2020-08-10 07:30:00,17.164296389806015,22.416375548114335,0.3366325158685252
2020-08-10 07:45:00,17.872108989684175,23.91480582030604,0.40834955388633504
2020-08-10 08:00:00,18.441254840656043,28.073425358262277,0.4325017744964583
2020-08-10 08:15:00,19.972995508359947,28.41587421762854,0.47599945665402005
2020-08-10 08:30:00,19.19059572170141,29.7012149758549,0.5348989965802174
2020-08-10 08:45:00,21.592017624690087,33.98985745744444,0.6018073411647598
2020-08-10 09:00:00,21.50579780590026,33.84409298275704,0.6182534236781172
2020-08-10 09:15:00,21.06700188401602,34.6731797392251,0.6977792163116496
2020-08-10 09:30:00,22.224971534900522,37.35482006733988,0.7238926803116397
2020-08-10 09:45:00,22.77006185604905,37.25553057257575,0.7640784190105319
2020-08-10 10:00:00,22.53885532054032,39.19037442449956,0.827954645131797
2020-08-10 10:15:00,23.129272707737236,38.97742959942747,0.8450438569681621
2020-08-10 10:30:00,23.483082298511018,39.496471311873414,0.8504556992839618
2020-08-10 10:45:00,23.985086881383104,38.82681570506857,0.8317274288299116
2020-08-10 11:00:00,25.291739838209043,43.37001605996907,0.8390141525765513
2020-08-10 11:15:00,24.80756065464919,40.955018134124806,0.893393714241083
2020-08-10 11:30:00,25.297158702068966,42.858108703967915,0.904601811692111
2020-08-10 11:45:00,26.689971225570336,44.042061319344825,0.8795304029995888
2020-08-10 12:00:00,26.03115356920029,43.962950364158836,0.908770300780382
2020-08-10 12:15:00,25.51943912847146,42.363459980054586,0.8748395084724266
2020-08-10 12:30:00,26.563895786485553,44.93338103270003,0.907948823219715
2020-08-10 12:45:00,26.38905840635765,43.16713007103555,0.8832420457408703
2020-08-10 13:00:00,26.934953587694014,44.017992913718594,0.8657519874173951
2020-08-10 13:15:00,27.16967531869238,45.25054727835983,0.8462257390168904
2020-08-10 13:30:00,27.236466344051163,44.14112459924169,0.8529093392695125
2020-08-10 13:45:00,26.61926640438799,42.91440317610381,0.8164022869209483
2020-08-10 14:00:00,26.291106608484945,43.50254377617594,0.7881815606750694
2020-08-10 14:15:00,26.65648556977455,41.86113178296276,0.7527336703548805
2020-08-10 14:30:00,27.416564986469226,42.79163714178962,0.7262818110145629
2020-08-10 14:45:00,27.46866842494176,42.07751274378401,0.6599941725772283
2020-08-10 15:00:00,25.89226342649046,38.03335439838973,0.6133835300863739
2020-08-10 15:15:00,26.738871426404604,36.39221684975774,0.5846012126421369
2020-08-10 15:30:00,25.974555707983228,35.4354643544775,0.5287614754525686
2020-08-10 15:45:00,25.92030713649521,36.913417215268964,0.5264312316841837
2020-08-10 16:00:00,25.9696142491201,34.94620113699154,0.449633517334442
2020-08-10 16:15:00,25.700214861994723,33.03224711699775,0.3754742985309103
2020-08-10 16:30:00,25.374112277587994,33.015074499761184,0.3548736616616267
2020-08-10 16:45:00,25.618555664932945,30.413505528674484,0.26800894051196206
2020-08-10 17:00:00,25.355967205948797,28.704137717631582,0.17888958124524096
2020-08-10 17:15:00,23.93078646251902,27.455936530370018,0.16996961176972186
2020-08-10 17:30:00,23.851082607978064,25.58515124947599,0.10536371113291475
2020-08-10 17:45:00,24.431918641755203,25.406916607091993,0.04338482765865819
2020-08-10 18:00:00,22.914955276111154,22.446857538074383,0.0
2020-08-10 18:15:00,22.338318733362684,21.335825823992614,0.0
2020-08-10 18:30:00,21.72048136684652,20.138120475612684,0.0
2020-08-10 18:45:00,21.331106660210853,20.90597920174073,0.0
2020-08-10 19:00:00,20.899711546070016,20.097891283560966,0.0
2020-08-10 19:15:00,20.097824216803748,19.251661575001542,0.0
2020-08-10 19:30:00,20.264234464587126,20.75729362099739,0.0
2020-08-10 19:45:00,19.051852329812412,18.737888061655735,0.0
2020-08-10 20:00:00,19.03595234314946,19.81506733775459,0.0
2020-08-10 20:15:00,17.676040915175317,19.114390710791398,0.0
2020-08-10 20:30:00,17.951282446612932,16.073041694140585,0.0
2020-08-10 20:45:00,17.41915873198402,17.76366748748424,0.0
2020-08-10 21:00:00,15.777856306889358,16.744437549433158,0.0
2020-08-10 21:15:00,16.15569066606681,16.149817069297438,0.0
2020-08-10 21:30:00,15.93228983036605,16.184142886450942,0.0
2020-08-10 21:45:00,15.016790552805308,15.991008297677654,0.0
2020-08-10 22:00:00,14.915042212776946,14.64048464515062,0.0
2020-08-10 22:15:00,15.196828302361908,15.045087207708265,0.0
2020-08-10 22:30:00,14.442522937410487,13.465985193438698,0.0
2020-08-10 22:45:00,13.17534097471445,11.74453916621804,0.0
2020-08-10 23:00:00,12.481970894150853,10.419561941421925,0.0
2020-08-10 23:15:00,12.17264353024971,11.506318211114992,0.0
2020-08-10 23:30:00,12.675354460906073,13.812702319878339,0.0
2020-08-10 23:45:00,12.085187797216626,10.981427997229217,0.0
